﻿<?xml version="1.0" encoding="utf-8"?>
<!--Published:920014D5-5E5A-442D-934A-437E4FB0A4DA-->
<!--Created:cb85b80c-f585-40ff-8bfc-12ff4d0e34a9-->
<App xmlns="http://schemas.microsoft.com/sharepoint/2012/app/manifest" Name="CreateList" ProductID="{65c93f4a-2835-4bc7-9099-3952a71b364e}" Version="1.0.0.0" SharePointMinVersion="15.0.0.0">
  <Properties>
    <Title>CreateList</Title>
    <StartPage>~appWebUrl/Lists/MyInterviewSchedule?{StandardTokens}</StartPage>
  </Properties>
  <AppPrincipal>
    <Internal />
  </AppPrincipal>
</App>