﻿<?xml version="1.0" encoding="utf-8"?>
<List xmlns:ows="Microsoft SharePoint" Title="MyInterviewSchedule" FolderCreation="FALSE" Direction="$Resources:Direction;" Url="Lists/MyInterviewSchedule" BaseType="0" xmlns="http://schemas.microsoft.com/sharepoint/" EnableContentTypes="TRUE">
  <MetaData>
    <ContentTypes>
      
      
    <ContentType ID="0x0100eee3ac77372d4866b13d6971d4607f23" Name="ListFieldsContentType"><FieldRefs><FieldRef ID="{fa564e0f-0c70-4ab9-b863-0177e6ddd247}" Name="Title" /><FieldRef ID="{11cbfec4-707d-489b-827b-7e3208e85314}" Name="myTextCol" /><FieldRef ID="{038D1503-4629-40f6-ADAF-B47D1AB2D4FE}" Name="Company" /><FieldRef ID="{64cd368d-2f95-4bfc-a1f9-8d4324ecb007}" Name="StartDate" /><FieldRef ID="{288F5F32-8462-4175-8F09-DD7BA29359A9}" Name="Location" /></FieldRefs></ContentType><ContentType ID="0x0100A0E77D4390DE4F6796C172DF2F151A1E" Name="MyContentT" Group="Custom Content Types" Description="My Content Type" Inherits="TRUE" Version="0"><FieldRefs><FieldRef ID="{11cbfec4-707d-489b-827b-7e3208e85314}" DisplayName="my Text Col" Required="TRUE" Name="myTextCol" /><FieldRef ID="{038D1503-4629-40f6-ADAF-B47D1AB2D4FE}" DisplayName="$Resources:core,Company;" Required="TRUE" Name="Company" /><FieldRef ID="{64cd368d-2f95-4bfc-a1f9-8d4324ecb007}" DisplayName="$Resources:core,Start_Date;" Name="StartDate" Format="DateOnly" /><FieldRef ID="{288F5F32-8462-4175-8F09-DD7BA29359A9}" DisplayName="$Resources:core,Location;" Name="Location" Sealed="TRUE" /></FieldRefs></ContentType></ContentTypes>
    <Fields>
      
    <Field ID="{fa564e0f-0c70-4ab9-b863-0177e6ddd247}" Type="Text" Name="Title" DisplayName="$Resources:core,Title;" Required="TRUE" SourceID="http://schemas.microsoft.com/sharepoint/v3" StaticName="Title" MaxLength="255" /><Field ID="{11cbfec4-707d-489b-827b-7e3208e85314}" Name="myTextCol" DisplayName="my Text Col" Type="Text" Required="TRUE" Group="Custom Site Columns"></Field><Field ID="{038D1503-4629-40f6-ADAF-B47D1AB2D4FE}" Name="Company" SourceID="http://schemas.microsoft.com/sharepoint/v3" StaticName="Company" Group="$Resources:core,Person_Event_Columns;" DisplayName="$Resources:core,Company;" Type="Text" Required="TRUE" /><Field ID="{64cd368d-2f95-4bfc-a1f9-8d4324ecb007}" Name="StartDate" SourceID="http://schemas.microsoft.com/sharepoint/v3" StaticName="StartDate" Group="$Resources:core,Base_Columns;" Type="DateTime" Format="DateOnly" DisplayName="$Resources:core,Start_Date;"><Default>[today]</Default></Field><Field ID="{288F5F32-8462-4175-8F09-DD7BA29359A9}" Type="Text" Group="$Resources:core,Person_Event_Columns;" Name="Location" DisplayName="$Resources:core,Location;" Sealed="TRUE" SourceID="http://schemas.microsoft.com/sharepoint/v3/fields" StaticName="Location" AllowDeletion="TRUE" /></Fields>
    <Views>
      
      
    <View BaseViewID="0" Type="HTML" MobileView="TRUE" TabularView="FALSE">
        <Toolbar Type="Standard" />
        <XslLink Default="TRUE">main.xsl</XslLink>
        <RowLimit Paged="TRUE">30</RowLimit>
        <ViewFields>
          
        <FieldRef Name="LinkTitleNoMenu"></FieldRef></ViewFields>
        <Query>
          <OrderBy>
            
          <FieldRef Name="Modified" Ascending="FALSE"></FieldRef></OrderBy>
        </Query>
        <ParameterBindings>
          <ParameterBinding Name="AddNewAnnouncement" Location="Resource(wss,addnewitem)" />
          <ParameterBinding Name="NoAnnouncements" Location="Resource(wss,noXinviewofY_LIST)" />
          <ParameterBinding Name="NoAnnouncementsHowTo" Location="Resource(wss,noXinviewofY_ONET_HOME)" />
        </ParameterBindings>
      </View><View BaseViewID="1" Type="HTML" WebPartZoneID="Main" DisplayName="$Resources:core,objectiv_schema_mwsidcamlidC24;" DefaultView="TRUE" MobileView="TRUE" MobileDefaultView="TRUE" SetupPath="pages\viewpage.aspx" ImageUrl="/_layouts/15/images/generic.png?rev=23" Url="AllItems.aspx">
        <Toolbar Type="Standard" />
        <XslLink Default="TRUE">main.xsl</XslLink>
        <JSLink>clienttemplates.js</JSLink>
        <RowLimit Paged="TRUE">30</RowLimit>
        <ViewFields>
          
        <FieldRef Name="LinkTitle"></FieldRef><FieldRef Name="myTextCol" /><FieldRef Name="Company" /><FieldRef Name="StartDate" /><FieldRef Name="Location" /></ViewFields>
        <Query>
          <OrderBy>
            
          <FieldRef Name="ID"></FieldRef></OrderBy>
        </Query>
        <ParameterBindings>
          <ParameterBinding Name="NoAnnouncements" Location="Resource(wss,noXinviewofY_LIST)" />
          <ParameterBinding Name="NoAnnouncementsHowTo" Location="Resource(wss,noXinviewofY_DEFAULT)" />
        </ParameterBindings>
      </View></Views>
    <Forms>
      <Form Type="DisplayForm" Url="DispForm.aspx" SetupPath="pages\form.aspx" WebPartZoneID="Main" />
      <Form Type="EditForm" Url="EditForm.aspx" SetupPath="pages\form.aspx" WebPartZoneID="Main" />
      <Form Type="NewForm" Url="NewForm.aspx" SetupPath="pages\form.aspx" WebPartZoneID="Main" />
    </Forms>
  </MetaData>
</List>