﻿<?xml version="1.0" encoding="utf-8"?>
<Elements xmlns="http://schemas.microsoft.com/sharepoint/">
  <!-- Parent ContentType: Item (0x01) -->
  <ContentType ID="0x0100A0E77D4390DE4F6796C172DF2F151A1E" Name="MyContentT" Group="Custom Content Types" Description="My Content Type" Inherits="TRUE" Version="0">
    <FieldRefs>
      <FieldRef ID="{11cbfec4-707d-489b-827b-7e3208e85314}" DisplayName="my Text Col" Required="TRUE" Name="myTextCol" />
      <FieldRef ID="{038D1503-4629-40f6-ADAF-B47D1AB2D4FE}" DisplayName="$Resources:core,Company;" Required="TRUE" Name="Company" />
      <FieldRef ID="{64cd368d-2f95-4bfc-a1f9-8d4324ecb007}" DisplayName="$Resources:core,Start_Date;" Name="StartDate" Format="DateOnly" />
      <FieldRef ID="{288F5F32-8462-4175-8F09-DD7BA29359A9}" DisplayName="$Resources:core,Location;" Name="Location" Sealed="TRUE" />
    </FieldRefs>
  </ContentType>
</Elements>